{
  "content_types": {
    "page": "Static Pages",
    "works": "Works"
  },
  "menus": {
    "primary": [
      {
        "alias": "index",
        "link": "/",
        "meta": {},
        "nodes": [],
        "target": "",
        "title": "HOME"
      },
      {
        "alias": "works",
        "link": "/works",
        "meta": {},
        "nodes": [],
        "target": "",
        "title": "WORKS"
      },
      {
        "alias": "contact",
        "link": "/contact",
        "meta": {},
        "nodes": [],
        "target": "",
        "title": "CONTACT"
      }
    ]
  },
  "meta": {
    "copyright": "Devinpan photography",
    "description": "DevinPan professional photography",
    "locale": "zh_CN",
    "logo": "",
    "title": "DevinPan Studio"
  },
  "terms": {}
}